datetime,open,high,low,close,volume
2026-04-28 09:15,1314.3,1317.6,1310.0,1313.7,0
2026-04-28 10:15,1313.3,1314.6,1309.5,1310.8,810531
2026-04-28 11:15,1310.7,1311.1,1300.1,1302.7,1769858
2026-04-28 12:15,1302.4,1306.7,1300.6,1304.6,1141101
2026-04-28 13:15,1304.8,1306.7,1296.2,1297.5,4709519
2026-04-28 14:15,1297.5,1299.3,1288.7,1289.9,4784682
2026-04-28 15:15,1290.0,1290.4,1287.0,1289.4,1618533
2026-04-29 09:15,1294.7,1294.7,1282.0,1290.1,0
2026-04-29 10:15,1290.0,1294.5,1289.5,1290.4,1732841
2026-04-29 11:15,1290.5,1292.1,1287.3,1290.6,1460606
2026-04-29 12:15,1290.8,1294.2,1290.1,1290.5,1413884
2026-04-29 13:15,1290.5,1292.0,1282.4,1284.1,1938204
2026-04-29 14:15,1284.3,1284.6,1279.5,1280.1,2313522
2026-04-29 15:15,1279.9,1280.4,1278.0,1279.0,1117762
2026-04-30 09:15,1261.2,1269.9,1259.2,1262.8,0
2026-04-30 10:15,1262.8,1264.7,1260.9,1261.0,973483
2026-04-30 11:15,1260.9,1264.0,1260.6,1263.2,1770162
2026-04-30 12:15,1263.0,1268.1,1262.1,1267.1,2055249
2026-04-30 13:15,1267.3,1271.1,1265.1,1269.2,2634431
2026-04-30 14:15,1269.0,1269.9,1260.9,1262.0,4972522
2026-04-30 15:15,1262.1,1265.7,1260.7,1263.4,1662332
2026-05-04 09:15,1273.8,1282.0,1267.2,1274.4,0
2026-05-04 10:15,1274.5,1277.5,1273.1,1275.3,1330056
2026-05-04 11:15,1275.3,1279.5,1271.6,1271.6,1681345
2026-05-04 12:15,1271.6,1273.4,1269.2,1272.5,1889899
2026-05-04 13:15,1272.5,1273.4,1265.3,1271.5,1402633
2026-05-04 14:15,1272.0,1274.2,1268.1,1272.0,3151718
2026-05-04 15:15,1272.0,1272.5,1269.5,1269.5,1228061
2026-05-05 09:15,1265.8,1265.8,1249.8,1250.8,0
2026-05-05 10:15,1250.6,1253.4,1249.5,1249.9,2623802
2026-05-05 11:15,1250.4,1252.2,1245.5,1250.4,2457901
2026-05-05 12:15,1250.3,1255.9,1248.2,1255.4,4215327
2026-05-05 13:15,1255.2,1256.3,1251.0,1252.0,4475481
2026-05-05 14:15,1251.7,1254.1,1249.8,1252.3,5225893
2026-05-05 15:15,1252.2,1253.2,1249.6,1250.9,2496404
2026-05-06 09:15,1265.7,1268.5,1255.7,1258.4,0
2026-05-06 10:15,1258.2,1262.1,1257.3,1260.8,1730607
2026-05-06 11:15,1260.7,1261.2,1256.0,1256.9,803409
2026-05-06 12:15,1257.0,1257.4,1252.2,1255.3,992392
2026-05-06 13:15,1255.1,1261.0,1255.0,1260.6,2755306
2026-05-06 14:15,1260.6,1282.1,1260.0,1278.9,11549172
2026-05-06 15:15,1279.0,1280.0,1277.0,1279.6,2188193
2026-05-07 09:15,1278.4,1291.8,1276.3,1288.1,0
2026-05-07 10:15,1288.4,1293.9,1287.5,1287.9,1453870
2026-05-07 11:15,1287.9,1289.5,1279.5,1287.4,1439415
2026-05-07 12:15,1287.7,1291.8,1282.7,1284.3,2682672
2026-05-07 13:15,1284.2,1284.6,1279.3,1282.0,1645390
2026-05-07 14:15,1282.0,1284.6,1273.6,1274.4,11051245
2026-05-07 15:15,1274.0,1279.8,1273.8,1279.0,1426967
2026-05-08 09:15,1277.0,1277.0,1267.0,1270.7,0
2026-05-08 10:15,1270.8,1272.2,1264.2,1267.1,1259044
2026-05-08 11:15,1267.5,1269.0,1263.1,1263.9,639977
2026-05-08 12:15,1263.9,1265.7,1261.5,1263.9,916664
2026-05-08 13:15,1263.9,1265.4,1262.3,1263.6,2075833
2026-05-08 14:15,1264.2,1265.9,1262.1,1265.5,2792154
2026-05-08 15:15,1265.5,1266.3,1263.2,1266.3,1956118
2026-05-11 09:15,1258.7,1262.3,1253.9,1258.2,0
2026-05-11 10:15,1258.2,1268.1,1257.6,1267.7,2149115
2026-05-11 11:15,1267.7,1273.5,1266.4,1271.1,3005945
2026-05-11 12:15,1271.1,1275.3,1267.1,1275.3,2933824
2026-05-11 13:15,1275.0,1275.7,1271.0,1271.7,2564465
2026-05-11 14:15,1271.5,1273.6,1264.2,1265.6,4433699
2026-05-11 15:15,1266.2,1267.7,1265.2,1267.6,1294982
2026-05-12 09:15,1256.0,1259.8,1245.2,1249.2,0
2026-05-12 10:15,1249.4,1250.8,1242.0,1244.2,1525676
2026-05-12 11:15,1244.2,1245.6,1241.6,1244.6,1383387
2026-05-12 12:15,1244.3,1246.2,1241.2,1245.6,1874665
2026-05-12 13:15,1245.6,1247.7,1241.7,1242.8,2872739
2026-05-12 14:15,1243.1,1248.1,1238.1,1239.0,8350486
2026-05-12 15:15,1239.0,1244.8,1238.6,1244.4,1752622
2026-05-13 09:15,1240.9,1247.5,1227.2,1234.2,0
2026-05-13 10:15,1234.3,1242.4,1234.2,1239.3,2537091
2026-05-13 11:15,1239.3,1241.9,1236.9,1241.9,2125892
2026-05-13 12:15,1242.0,1249.0,1240.2,1243.0,3562529
2026-05-13 13:15,1243.2,1244.3,1240.8,1242.5,1740326
2026-05-13 14:15,1242.2,1242.7,1234.1,1237.7,3489512
2026-05-13 15:15,1237.1,1237.8,1233.6,1235.7,2595942
2026-05-14 09:15,1240.1,1248.7,1238.3,1241.1,0
2026-05-14 10:15,1241.1,1243.0,1236.4,1239.2,1125483
2026-05-14 11:15,1239.0,1256.0,1239.0,1254.9,4407578
2026-05-14 12:15,1254.9,1256.7,1249.4,1251.8,1556174
2026-05-14 13:15,1251.7,1256.4,1249.9,1252.0,2650716
2026-05-14 14:15,1252.0,1254.0,1242.4,1243.1,3812772
2026-05-14 15:15,1243.4,1249.4,1242.1,1246.0,1060257
2026-05-15 09:15,1254.2,1254.2,1243.5,1250.5,0
2026-05-15 10:15,1250.4,1251.8,1245.0,1245.8,881782
2026-05-15 11:15,1245.4,1248.9,1242.5,1248.1,1322743
2026-05-15 12:15,1248.1,1251.0,1246.5,1251.0,1491749
2026-05-15 13:15,1251.0,1252.3,1248.9,1251.0,1378943
2026-05-15 14:15,1251.0,1252.1,1242.1,1243.8,3524954
2026-05-15 15:15,1243.9,1247.9,1242.2,1244.5,875874
2026-05-18 09:15,1235.5,1240.4,1233.3,1234.8,0
2026-05-18 10:15,1234.7,1238.0,1234.4,1236.9,1168159
2026-05-18 11:15,1236.9,1243.2,1234.9,1238.8,1835723
2026-05-18 12:15,1238.4,1246.7,1237.1,1246.5,2460451
2026-05-18 13:15,1246.4,1251.1,1245.0,1249.6,1781934
2026-05-18 14:15,1249.6,1253.7,1246.9,1248.9,3702117
2026-05-18 15:15,1248.9,1253.5,1248.6,1251.1,821401
2026-05-19 09:15,1251.7,1256.2,1233.7,1242.5,9250243
2026-05-19 10:15,1242.4,1243.7,1238.1,1239.8,1709000
2026-05-19 11:15,1240.1,1243.4,1237.0,1241.9,2267612
2026-05-19 12:15,1241.9,1248.7,1241.2,1245.4,2988281
2026-05-19 13:15,1245.4,1248.4,1244.0,1246.5,2925593
2026-05-19 14:15,1246.3,1248.0,1237.2,1240.9,4878569
2026-05-19 15:15,1240.7,1243.5,1240.1,1242.9,990758
2026-05-20 09:15,1228.6,1233.8,1223.9,1230.0,0
2026-05-20 10:15,1230.1,1235.3,1228.0,1233.2,1390993
2026-05-20 11:15,1233.0,1235.8,1230.0,1231.2,1788069
2026-05-20 12:15,1231.5,1233.4,1229.2,1229.5,1456851
2026-05-20 13:15,1229.3,1232.9,1226.7,1232.4,3639112
2026-05-20 14:15,1232.4,1238.9,1231.4,1237.3,3547498
2026-05-20 15:15,1237.6,1238.3,1236.0,1236.0,1153667
2026-05-21 09:15,1246.3,1246.6,1240.3,1244.7,0
2026-05-21 10:15,1244.8,1246.4,1242.1,1242.8,1172131
2026-05-21 11:15,1242.8,1248.3,1239.4,1245.0,1037347
2026-05-21 12:15,1244.5,1246.9,1234.4,1237.9,2846737
2026-05-21 13:15,1238.0,1242.0,1235.6,1239.8,1580770
2026-05-21 14:15,1240.0,1245.8,1239.0,1242.0,5107321
2026-05-21 15:15,1241.4,1244.5,1240.0,1242.8,1125172
2026-05-22 09:15,1244.7,1267.0,1244.7,1266.4,0
2026-05-22 10:15,1266.4,1267.8,1261.7,1262.9,1238541
2026-05-22 11:15,1263.2,1267.5,1259.6,1267.1,1211882
2026-05-22 12:15,1267.2,1270.5,1265.1,1266.5,2010745
2026-05-22 13:15,1267.1,1270.7,1266.0,1268.1,1506741
2026-05-22 14:15,1268.1,1268.8,1261.6,1263.6,1677076
2026-05-22 15:15,1263.7,1268.8,1263.4,1267.2,893047
2026-05-25 09:15,1275.9,1284.3,1273.7,1276.7,0
2026-05-25 10:15,1276.5,1282.6,1276.4,1280.7,1641808
2026-05-25 11:15,1280.5,1280.7,1277.6,1278.2,911287
2026-05-25 12:15,1278.3,1282.0,1276.8,1281.3,855599
2026-05-25 13:15,1281.3,1284.6,1280.5,1283.7,1750767
2026-05-25 14:15,1283.7,1293.0,1283.4,1292.4,2368616
2026-05-25 15:15,1292.4,1293.5,1290.7,1291.8,939630
2026-05-26 09:15,1289.8,1301.8,1283.1,1293.6,0
2026-05-26 10:15,1293.6,1297.6,1291.1,1297.2,1939484
2026-05-26 11:15,1297.1,1298.5,1288.4,1289.4,1686458
2026-05-26 12:15,1289.5,1292.8,1286.4,1286.7,1905272
2026-05-26 13:15,1286.9,1289.2,1281.0,1282.0,3033905
2026-05-26 14:15,1282.3,1283.1,1276.6,1278.8,5519943
2026-05-26 15:15,1279.3,1280.9,1278.0,1280.9,727864
2026-05-27 09:15,1285.1,1288.4,1274.3,1288.4,0
2026-05-27 10:15,1288.3,1293.4,1285.6,1286.5,2139801
2026-05-27 11:15,1286.1,1290.4,1283.4,1283.6,1124465
2026-05-27 12:15,1283.6,1286.6,1279.0,1279.2,2512444
2026-05-27 13:15,1279.2,1279.6,1270.6,1270.6,4801028
2026-05-27 14:15,1270.6,1275.1,1266.8,1274.0,4632662
2026-05-27 15:15,1274.1,1274.7,1270.2,1272.7,1067751
2026-05-29 09:15,1281.4,1287.7,1274.4,1280.0,0
2026-05-29 10:15,1280.0,1284.4,1277.5,1280.3,1720416
2026-05-29 11:15,1280.0,1285.9,1279.7,1281.1,1312438
2026-05-29 12:15,1281.1,1281.3,1273.2,1273.6,901516
2026-05-29 13:15,1273.4,1277.2,1266.8,1267.1,1471178
2026-05-29 14:15,1267.2,1275.2,1251.2,1255.4,13564049
2026-05-29 15:15,1255.5,1261.0,1250.5,1259.0,8660991
2026-06-01 09:15,1257.6,1261.8,1251.3,1254.6,0
2026-06-01 10:15,1254.6,1256.4,1251.0,1253.9,708994
2026-06-01 11:15,1253.9,1256.3,1247.4,1249.6,1315001
2026-06-01 12:15,1248.9,1248.9,1241.5,1241.9,961341
2026-06-01 13:15,1242.0,1244.4,1237.8,1238.7,1022827
2026-06-01 14:15,1238.7,1242.4,1237.5,1238.9,3088236
2026-06-01 15:15,1239.0,1239.7,1236.2,1239.7,1364901
2026-06-02 09:15,1235.1,1235.1,1224.4,1224.9,0
2026-06-02 10:15,1224.9,1230.5,1224.1,1227.9,2026656
2026-06-02 11:15,1227.9,1230.0,1221.0,1223.9,1787741
2026-06-02 12:15,1224.0,1237.5,1221.5,1235.3,3657006
2026-06-02 13:15,1235.6,1237.3,1233.3,1233.5,1256280
2026-06-02 14:15,1233.5,1236.7,1223.7,1227.1,5855808
2026-06-02 15:15,1227.2,1230.9,1227.1,1230.1,1028711
2026-06-03 09:15,1225.7,1226.4,1213.9,1217.8,0
2026-06-03 10:15,1217.9,1223.2,1217.8,1220.9,1263695
2026-06-03 11:15,1220.7,1223.4,1218.8,1220.1,1863383
2026-06-03 12:15,1220.1,1235.9,1219.5,1235.6,2700235
2026-06-03 13:15,1235.4,1247.1,1235.4,1245.5,1792698
2026-06-03 14:15,1245.5,1248.3,1238.6,1241.3,3138110
2026-06-03 15:15,1241.3,1244.0,1240.0,1243.4,935020
2026-06-04 09:15,1235.9,1252.2,1235.9,1246.1,0
2026-06-04 10:15,1246.3,1255.6,1244.3,1252.0,1735926
2026-06-04 11:15,1252.0,1260.8,1249.0,1257.0,3295981
2026-06-04 12:15,1257.1,1258.7,1248.4,1248.8,2021144
2026-06-04 13:15,1248.7,1259.8,1247.2,1259.2,3090850
2026-06-04 14:15,1259.1,1262.2,1250.0,1250.8,4789768
2026-06-04 15:15,1251.3,1253.5,1250.1,1253.0,1411462
2026-06-05 09:15,1258.0,1263.0,1254.6,1256.9,0
2026-06-05 10:15,1256.9,1261.5,1250.3,1258.1,1606965
2026-06-05 11:15,1258.0,1262.0,1252.8,1261.7,2183013
2026-06-05 12:15,1261.9,1265.0,1258.1,1260.0,977346
2026-06-05 13:15,1260.0,1262.0,1256.9,1259.5,1031232
2026-06-05 14:15,1259.6,1263.9,1256.1,1262.4,2026750
2026-06-05 15:15,1262.5,1263.7,1260.1,1260.3,932349
2026-06-08 09:15,1247.4,1253.4,1243.3,1243.9,0
2026-06-08 10:15,1244.0,1251.7,1243.1,1248.3,1425599
2026-06-08 11:15,1248.3,1252.6,1245.6,1251.2,1380744
2026-06-08 12:15,1251.2,1254.0,1249.9,1250.7,1251292
2026-06-08 13:15,1250.6,1253.4,1249.5,1251.3,1321280
2026-06-08 14:15,1251.2,1253.3,1248.1,1249.9,2359029
2026-06-08 15:15,1249.8,1250.9,1248.5,1249.9,973204
2026-06-09 09:15,1254.3,1273.4,1254.3,1267.6,0
2026-06-09 10:15,1267.4,1269.8,1259.1,1259.7,1634016
2026-06-09 11:15,1259.7,1268.7,1257.9,1267.6,2753038
2026-06-09 12:15,1267.6,1277.4,1267.1,1273.5,3479292
2026-06-09 13:15,1273.5,1276.9,1271.3,1275.0,3243287
2026-06-09 14:15,1275.1,1279.8,1271.3,1275.5,6956697
2026-06-09 15:15,1275.4,1276.2,1272.0,1273.8,1201922
2026-06-10 09:15,1273.8,1290.9,1272.5,1286.0,0
2026-06-10 10:15,1286.1,1300.8,1284.4,1298.6,4518452
2026-06-10 11:15,1298.5,1305.7,1298.5,1302.9,4042224
2026-06-10 12:15,1302.9,1305.9,1297.2,1298.9,2761047
2026-06-10 13:15,1299.1,1301.3,1294.3,1295.9,3716795
2026-06-10 14:15,1295.9,1298.3,1291.7,1292.2,3768010
2026-06-10 15:15,1292.2,1293.7,1289.4,1293.0,1489563
2026-06-11 09:15,1287.7,1314.9,1287.7,1312.5,0
2026-06-11 10:15,1312.6,1324.7,1312.5,1323.5,6074750
2026-06-11 11:15,1323.5,1327.8,1323.1,1326.4,3247870
2026-06-11 12:15,1326.3,1333.0,1323.1,1328.2,3486875
2026-06-11 13:15,1328.2,1328.7,1320.5,1321.2,3309030
2026-06-11 14:15,1321.6,1323.4,1315.2,1318.9,7847099
2026-06-11 15:15,1318.6,1318.9,1313.3,1314.1,1378865
2026-06-12 09:15,1328.7,1338.8,1320.0,1320.9,0
2026-06-12 10:15,1321.0,1327.9,1319.1,1326.7,2082950
2026-06-12 11:15,1326.8,1330.1,1323.4,1326.8,1959682
2026-06-12 12:15,1326.8,1330.2,1325.6,1327.7,1867507
2026-06-12 13:15,1327.7,1339.2,1327.0,1338.5,2662871
2026-06-12 14:15,1338.5,1344.2,1338.3,1340.2,4393239
2026-06-12 15:15,1340.2,1342.0,1338.8,1340.8,1933718
2026-06-15 09:15,1359.7,1359.7,1345.2,1347.1,0
2026-06-15 10:15,1347.4,1351.9,1344.2,1344.5,2158456
2026-06-15 11:15,1344.3,1344.9,1337.6,1338.4,1333014
2026-06-15 12:15,1338.4,1340.0,1336.0,1339.4,1110927
2026-06-15 13:15,1339.3,1340.6,1330.0,1331.1,1734104
2026-06-15 14:15,1331.1,1339.0,1325.3,1327.2,3816767
2026-06-15 15:15,1327.1,1329.9,1327.0,1328.0,1616002
2026-06-16 09:15,1332.0,1334.5,1326.6,1327.3,0
2026-06-16 10:15,1327.3,1333.0,1327.1,1330.9,845362
2026-06-16 11:15,1330.8,1333.2,1329.2,1330.4,2208734
2026-06-16 12:15,1330.3,1332.5,1328.4,1330.5,1819984
2026-06-16 13:15,1330.5,1332.6,1329.4,1331.4,1370646
2026-06-16 14:15,1331.3,1337.3,1329.3,1336.5,4010257
2026-06-16 15:15,1336.6,1337.1,1334.0,1335.5,946391
2026-06-17 09:15,1341.3,1343.6,1336.8,1341.2,0
2026-06-17 10:15,1341.2,1345.6,1340.4,1341.4,925735
2026-06-17 11:15,1341.5,1342.7,1334.3,1334.5,1688433
2026-06-17 12:15,1334.5,1337.0,1333.8,1334.7,814853
2026-06-17 13:15,1334.9,1339.6,1334.6,1337.9,839344
2026-06-17 14:15,1337.9,1338.6,1333.5,1336.7,1794018
2026-06-17 15:15,1336.8,1337.5,1335.8,1337.0,431962
2026-06-18 09:15,1334.9,1341.3,1334.5,1336.8,0
2026-06-18 10:15,1336.9,1337.0,1331.5,1332.2,1341094
2026-06-18 11:15,1332.2,1345.3,1331.4,1342.1,1755352
2026-06-18 12:15,1342.2,1346.0,1340.5,1343.6,1208539
2026-06-18 13:15,1343.9,1346.9,1342.3,1344.2,2102591
2026-06-18 14:15,1344.1,1345.1,1339.6,1343.1,4115045
2026-06-18 15:15,1343.2,1344.8,1340.0,1341.5,1320918
2026-06-19 09:15,1339.7,1347.0,1337.0,1346.7,0
2026-06-19 10:15,1346.4,1349.3,1345.2,1349.0,591127
2026-06-19 11:15,1349.2,1350.0,1347.1,1348.0,594940
2026-06-19 12:15,1348.1,1348.4,1344.4,1346.7,625776
2026-06-19 13:15,1346.7,1349.0,1342.9,1348.2,947904
2026-06-19 14:15,1348.5,1352.3,1341.0,1347.3,3254557
2026-06-19 15:15,1347.4,1348.9,1346.4,1347.8,1331059
2026-06-22 09:15,1353.4,1358.3,1349.4,1357.9,0
2026-06-22 10:15,1358.0,1362.7,1356.1,1356.1,767259
2026-06-22 11:15,1356.5,1360.0,1355.2,1357.1,380907
2026-06-22 12:15,1357.0,1357.8,1355.0,1355.8,366952
2026-06-22 13:15,1355.9,1357.5,1353.3,1353.3,584034
2026-06-22 14:15,1353.3,1357.2,1351.4,1352.2,884621
2026-06-22 15:15,1352.2,1352.9,1350.1,1351.0,479867
2026-06-23 09:15,1357.7,1366.0,1354.2,1362.3,0
2026-06-23 10:15,1362.1,1368.9,1361.6,1368.0,1226230
2026-06-23 11:15,1368.0,1369.1,1356.1,1357.7,1934147
2026-06-23 12:15,1357.7,1357.9,1353.4,1355.2,1128463
2026-06-23 13:15,1355.2,1355.6,1348.1,1350.2,1178519
2026-06-23 14:15,1350.6,1350.9,1337.5,1337.8,3087250
2026-06-23 15:15,1337.9,1338.1,1331.5,1335.5,1436679
2026-06-24 09:15,1347.0,1370.3,1341.1,1368.7,0
2026-06-24 10:15,1368.7,1373.9,1367.8,1373.0,1870189
2026-06-24 11:15,1373.0,1376.7,1370.5,1374.2,2144690
2026-06-24 12:15,1374.4,1375.9,1368.5,1369.5,1464901
2026-06-24 13:15,1369.2,1376.7,1368.9,1369.8,2007199
2026-06-24 14:15,1369.7,1377.3,1369.6,1372.5,3686156
2026-06-24 15:15,1372.5,1374.6,1371.0,1372.0,1534367
2026-06-25 09:15,1380.1,1391.4,1380.1,1389.0,0
2026-06-25 10:15,1389.0,1389.9,1385.1,1387.3,1809495
2026-06-25 11:15,1387.5,1403.4,1387.2,1402.0,2365071
2026-06-25 12:15,1402.0,1404.0,1396.4,1398.4,1920192
2026-06-25 13:15,1398.3,1399.5,1390.7,1390.8,2169167
2026-06-25 14:15,1390.5,1391.2,1382.9,1387.3,4192072
2026-06-25 15:15,1387.3,1390.9,1385.0,1387.5,1599896
2026-06-29 09:15,1393.0,1402.0,1383.2,1388.5,0
2026-06-29 10:15,1388.5,1393.0,1386.7,1389.1,1637907
2026-06-29 11:15,1388.9,1389.9,1386.0,1387.2,1223211
2026-06-29 12:15,1387.4,1390.1,1384.7,1388.9,1149536
2026-06-29 13:15,1388.9,1389.5,1385.4,1388.3,1232185
2026-06-29 14:15,1388.3,1390.8,1385.3,1387.9,2890710
2026-06-29 15:15,1387.9,1390.0,1386.9,1388.0,1478868
2026-06-30 09:15,1395.0,1395.0,1383.0,1386.8,0
2026-06-30 10:15,1386.9,1386.9,1377.3,1382.9,1296983
2026-06-30 11:15,1383.1,1386.7,1376.4,1377.5,1002778
2026-06-30 12:15,1377.1,1380.0,1374.0,1375.8,1744610
2026-06-30 13:15,1376.0,1376.5,1366.7,1366.9,1796594
2026-06-30 14:15,1367.1,1379.1,1366.1,1375.6,8000094
2026-06-30 15:15,1375.6,1380.6,1375.2,1375.2,2280228
2026-07-01 09:15,1371.8,1375.5,1367.9,1373.7,0
2026-07-01 10:15,1373.7,1376.7,1371.0,1376.7,949378
2026-07-01 11:15,1376.7,1384.3,1373.8,1381.9,3434783
2026-07-01 12:15,1381.9,1384.4,1379.0,1384.3,863942
2026-07-01 13:15,1384.2,1385.0,1377.7,1377.7,1299973
2026-07-01 14:15,1378.0,1382.9,1376.8,1379.0,2162921
2026-07-01 15:15,1379.5,1380.4,1376.1,1379.8,491044
2026-07-02 09:15,1381.9,1395.8,1377.6,1386.0,0
2026-07-02 10:15,1386.0,1391.2,1385.0,1388.6,1137898
2026-07-02 11:15,1388.8,1392.6,1384.9,1392.3,2041951
2026-07-02 12:15,1392.3,1400.7,1391.0,1399.7,1884647
2026-07-02 13:15,1399.7,1401.0,1397.1,1398.8,2285502
2026-07-02 14:15,1398.8,1404.2,1396.2,1399.5,5015935
2026-07-02 15:15,1399.6,1402.1,1399.0,1401.9,1411718
2026-07-03 09:15,1410.3,1420.0,1406.1,1410.6,0
2026-07-03 10:15,1410.7,1414.3,1408.3,1412.0,2463510
2026-07-03 11:15,1411.9,1413.9,1409.0,1413.7,1751691
2026-07-03 12:15,1413.5,1415.8,1411.6,1412.9,1811225
2026-07-03 13:15,1413.1,1414.0,1408.6,1412.1,1319503
2026-07-03 14:15,1412.0,1413.3,1410.0,1411.3,1730533
2026-07-03 15:15,1411.4,1412.6,1410.7,1412.6,950329
2026-07-06 09:15,1413.8,1431.2,1412.1,1425.5,0
2026-07-06 10:15,1425.5,1430.4,1425.1,1426.2,2031034
2026-07-06 11:15,1426.4,1427.5,1418.2,1424.5,1343293
2026-07-06 12:15,1424.7,1428.5,1422.1,1428.1,1378272
2026-07-06 13:15,1428.1,1428.4,1425.0,1426.1,1964690
2026-07-06 14:15,1426.1,1428.0,1422.3,1427.1,2245021
2026-07-06 15:15,1427.1,1428.0,1425.2,1426.9,1025551
2026-07-07 09:15,1431.2,1431.2,1421.4,1427.3,0
2026-07-07 10:15,1427.2,1427.4,1423.3,1424.9,1496658
2026-07-07 11:15,1425.0,1429.5,1424.8,1427.5,1694910
2026-07-07 12:15,1427.6,1428.8,1414.2,1416.9,2822004
2026-07-07 13:15,1417.0,1420.7,1413.9,1414.2,2662395
2026-07-07 14:15,1414.2,1417.2,1413.4,1415.0,2524971
2026-07-07 15:15,1415.0,1416.2,1410.0,1412.0,789580
2026-07-08 09:15,1412.7,1417.5,1410.6,1414.4,0
2026-07-08 10:15,1414.5,1417.7,1412.6,1413.0,1149900
2026-07-08 11:15,1412.9,1413.0,1400.1,1400.7,1429970
2026-07-08 12:15,1400.9,1401.3,1395.1,1396.4,1484499
2026-07-08 13:15,1396.4,1398.5,1382.1,1383.5,1507574
2026-07-08 14:15,1383.8,1386.4,1376.0,1380.5,2564546
2026-07-08 15:15,1380.4,1384.0,1380.3,1380.6,749850
2026-07-09 09:15,1382.6,1401.6,1382.6,1396.1,0
2026-07-09 10:15,1396.0,1403.5,1386.8,1390.7,1930134
2026-07-09 11:15,1390.8,1394.3,1382.6,1384.8,1746178
2026-07-09 12:15,1385.0,1387.1,1382.2,1386.4,1315332
2026-07-09 13:15,1386.1,1387.9,1381.6,1383.9,1768436
2026-07-09 14:15,1383.9,1390.4,1377.5,1379.9,3793616
2026-07-09 15:15,1379.6,1384.0,1379.6,1383.7,1258013
2026-07-10 09:15,1393.5,1408.0,1393.5,1402.0,0
2026-07-10 10:15,1402.0,1404.9,1400.6,1401.7,474217
2026-07-10 11:15,1401.7,1403.2,1399.2,1399.9,869470
2026-07-10 12:15,1399.9,1404.4,1398.4,1400.2,698004
2026-07-10 13:15,1400.5,1405.0,1399.4,1404.0,965440
2026-07-10 14:15,1404.2,1406.7,1400.0,1401.2,1747070
2026-07-10 15:15,1401.2,1403.0,1399.0,1401.2,647129
2026-07-13 09:15,1387.1,1400.5,1386.3,1399.7,0
2026-07-13 10:15,1399.7,1405.4,1398.2,1400.7,1424942
2026-07-13 11:15,1400.7,1402.7,1397.2,1401.5,961886
2026-07-13 12:15,1401.1,1407.8,1400.1,1405.4,1592132
2026-07-13 13:15,1405.5,1409.8,1402.5,1409.2,1317675
2026-07-13 14:15,1409.2,1412.7,1408.0,1410.0,1921768
2026-07-13 15:15,1410.0,1410.2,1405.7,1406.8,953357
2026-07-14 09:15,1400.1,1401.3,1392.0,1394.1,0
2026-07-14 10:15,1394.0,1411.7,1392.4,1410.3,1693485
2026-07-14 11:15,1410.8,1411.7,1405.5,1406.9,1683945
2026-07-14 12:15,1406.4,1407.7,1402.0,1404.9,2035992
2026-07-14 13:15,1405.0,1407.4,1400.0,1405.7,1895697
2026-07-14 14:15,1405.2,1409.1,1404.0,1408.2,3754466
2026-07-14 15:15,1408.2,1409.0,1405.4,1406.0,1051846
2026-07-15 09:15,1412.3,1427.5,1411.2,1423.8,0
2026-07-15 10:15,1423.8,1428.0,1422.4,1425.1,1536908
2026-07-15 11:15,1425.4,1426.4,1418.0,1423.3,1928779
2026-07-15 12:15,1423.7,1423.9,1409.9,1411.9,1669745
2026-07-15 13:15,1411.6,1416.3,1410.4,1415.4,1238483
2026-07-15 14:15,1415.4,1417.2,1410.0,1417.1,2877472
2026-07-15 15:15,1417.2,1419.7,1411.1,1411.1,1906847
2026-07-16 09:15,1422.2,1422.5,1410.5,1411.5,1878107
2026-07-16 10:15,1411.4,1418.5,1408.9,1413.7,1419242
2026-07-16 11:15,1413.6,1415.5,1411.1,1413.3,882745
2026-07-16 12:15,1413.5,1416.1,1410.4,1411.1,1190120
2026-07-16 13:15,1410.7,1411.1,1406.2,1409.7,1418265
2026-07-16 14:15,1409.7,1423.6,1408.3,1418.4,2654743
2026-07-16 15:15,1418.4,1419.9,1417.0,1417.9,721413
2026-07-17 09:15,1422.8,1432.4,1420.2,1430.0,0
2026-07-17 10:15,1429.7,1435.4,1429.0,1433.5,784315
2026-07-17 11:15,1433.6,1443.3,1433.5,1443.3,1747475
2026-07-17 12:15,1443.3,1443.9,1436.1,1436.8,978587
2026-07-17 13:15,1436.8,1443.3,1430.0,1442.6,1280394
2026-07-17 14:15,1442.5,1449.7,1436.3,1442.1,3451317
2026-07-17 15:15,1442.1,1455.1,1441.5,1452.0,1421841
2026-07-20 09:15,1451.4,1477.6,1439.7,1455.7,0
2026-07-20 10:15,1455.6,1461.8,1454.7,1455.1,3705049
2026-07-20 11:15,1455.7,1457.5,1452.0,1454.1,1924097
2026-07-20 12:15,1454.2,1456.6,1447.8,1454.6,1603214
2026-07-20 13:15,1454.8,1465.6,1453.3,1462.3,2523595
2026-07-20 14:15,1462.3,1462.6,1456.4,1459.6,2331339
2026-07-20 15:15,1459.7,1462.0,1458.8,1460.3,1458113
2026-07-20 15:30,1460.2,1460.2,1460.2,1460.2,0
